"amazon","693"
"java","692"
"linux","465"
"javascript","244"
"‚äì","233"
"‚ä¢","201"
"c++","194"
"jenkins","137"
"alexa","128"
"bachelor‚äôs","121"
"developing","109"
"c.f.r","109"
"we‚äôre","101"
"full-stack","101"
"works‚ñ¢","100"
"security**deja","99"
"concepts.generate","99"
"demonstrated","96"
"expertise","82"
"django","80"
"hadoop","77"
"provides","76"
"perl","73"
"nodejs","72"
"r0023026","71"
"requirements:4+","70"
"required","66"
"redmond","66"
"internet","59"
"automation","56"
"c/c++","55"
"develops","54"
"u.s.","53"
"database","45"
"performs","43"
"s3","42"
"sr.","42"
"amazon‚äôs","42"
"you‚äôll","41"
"we‚äôve","40"
"oriented","38"
"coordinate","36"
"e-verify","34"
"los","34"
"angeles","34"
"jira","33"
"master‚äôs","33"
"participates","32"
"seoul","32"
"english","32"
"salesforce","30"
"b.s","30"
"maintains","28"
"xamarin","28"
"elliott","27"
"opportunity/affirmative","26"
"olympic","26"
"‚äúgames‚äù","26"
"luxembourg","26"
"oakland","26"
"xcode","25"
"fish‚äôs","25"
"visio","25"
"programming","25"
"cassandra","25"
"anne","25"
"agile/kanban","25"
"identity/sexual","24"
"unix/linux","24"
"ensures","24"
"networking","24"
"linux/unix","23"
"kubernetes","23"
"unix","22"
"redis","22"
"cozi","22"
"computing","21"
"paid","21"
"desktop","21"
"planning","21"
"kafka","19"
"francisco","19"
"virtualization","18"
"netezza","18"
"manufacturing","18"
"manages","18"
"redshift","18"
"bothell","17"
"ansible","17"
"establishes","16"
"telecom","16"
"female/minority/disability/veteran/gender","16"
"it‚äôs","16"
"√¢‚ç¨¬¢","16"
"ph.d.","16"
"understands","16"
"agile/scrum","16"
"requires","16"
"w2","16"
"kirkland","15"
"philip","15"
"everett","14"
"reporting","14"
"creates","13"
"powershell","13"
"online","13"
"embedded","13"
"friday","13"
"prepares","13"
"a/b","13"
".net","13"
"identifies","13"
"monitoring","12"
"education/experience","12"
"california","12"
"troubleshoot","12"
"states-washington-seattle","12"
"h1b","11"
"intune","11"
"marketplace","11"
"m.s","11"
"terraform","10"
"india","10"
"spacelabs","10"
"xbox","10"
"hawaii","10"
"for‚äù","10"
"europe","10"
"kenworth","10"
"airline","10"
"splunk","10"
"lifecycle","10"
"processing","10"
"req","10"
"datadog","10"
"monday","10"
"matlab","9"
"applies","9"
"cybersecurity","9"
"science/engineering","9"
"managed","9"
"c+e","9"
"cortana","9"
"a+","9"
"portland","9"
"creating","9"
"i2c","9"
"informatica","9"
"info","9"
"app","9"
"opportunity**","9"
"h1-b","9"
"apps","9"
"samsung","9"
"asia","8"
"contributes","8"
"scripting","8"
"frontend","8"
"collaborates","8"
"kanban","8"
"golang","8"
"travel‚äôs","8"
"hyper-v","8"
"analyzes","8"
"virginia","8"
"headhunter","8"
"administers","8"
"minority/female/disability/veteran/gender","8"
"instagram","8"
"evaluates","8"
"you‚äôre","8"
"jobs‚äù","8"
"messaging","8"
"renton","8"
"oversees","8"
"email","8"
"revit","8"
"that‚äôs","8"
"maven","8"
"ethernet","7"
"zuora","7"
"workforce","7"
"jose","7"
"ops","7"
"/c++","7"
"o365","7"
"employer-","7"
"communicates","7"
"identifying","7"
"jr.","7"
"siri","7"
"bluetooth","7"
"worldwide","7"
"epicor","7"
"columbia","7"
"expedia‚äôs","7"
"seattle‚äôs","7"
"installs","6"
"washington‚äôs","6"
"redford","6"
"interacts","6"
"cyber","6"
"microsoft‚äôs","6"
"aufgaben","6"
"listens","6"
"‚äù","6"
"proactive","6"
"peterbilt","6"
"grafana","6"
"includes","6"
"e-mobility","6"
"anticipates","6"
"american","6"
"they‚äôre","6"
"st.","6"
"u.s","6"
"determines","6"
"we‚äôll","6"
"backend","6"
"troubleshooting","6"
"defines","6"
"warehousing","6"
"avionics","6"
"qualifikationen","6"
"f5‚äôs","6"
"citrix","6"
"elasticsearch","6"
"purchasing","6"
"implementing","6"
"allspark","6"
"carlsbad","6"
"edward","5"
"servlet","5"
"zestimate","5"
"menlo","5"
"london","5"
".experience","5"
"coding","5"
"rico","5"
"linux/windows","5"
"expected","5"
"solaris","5"
"unity‚äôs","5"
"java/c++","5"
"gartner","5"
"daimler","5"
"mongo","5"
"c++/c","5"
"office365","5"
"postgres","5"
"‚ä¢experience","5"
"alexa‚äôs","5"
"gottlieb","5"
"boomi","5"
"shepard","5"
"singapore","5"
"i/o","5"
"recommends","5"
"coupang","5"
"objective-c","5"
"c/c++/c","5"
"proofpoint‚äôs","5"
"automated","5"
"t-mobile‚äôs","5"
"kronos","5"
"catalog","5"
"utilizes","5"
"powertrain","5"
"deploying","5"
"mentoring","5"
"atlassian","5"
"follows","5"
"informatics","5"
"heroku","5"
"wireshark","5"
"delivering","5"
"ubuntu","5"
"hudson","5"
"beijing","5"
"benz","5"
"puerto","5"
"vericut","5"
"cognos","5"
"admin","5"
"ciena","5"
"responds","5"
"viri","5"
"you‚äôve","5"
"‚äîour","5"
"lync","5"
"autodesk","5"
"diego","5"
"h.264","4"
"we‚äôd","4"
"r2","4"
"optimizes","4"
"c2c","4"
"olympics","4"
"mexico","4"
"bloomberg","4"
"serverless","4"
"bitbucket","4"
"endpoint","4"
"oregon","4"
"tokyo","4"
"vancouver","4"
"tutoring","4"
"texas","4"
"costco‚äôs","4"
"january","4"
"‚äî","4"
"-san","4"
"customer‚äôs","4"
"wherescape","4"
"firewall","4"
"zuken","4"
"consults","4"
"engages","4"
"institute‚äôs","4"
"assigns","4"
"investigates","4"
"italia","4"
"ph.d","4"
"bremerton","4"
"java/kotlin","4"
"memcached","4"
"biglaw","4"
"photoshop","4"
"september","4"
"beamforming","4"
"cherwell","4"
"hyderabad","4"
"guam","4"
"ecommerce","4"
"startup","4"
"lynnwood","4"
"others","4"
"aventus","4"
"skype","4"
"endeavour","4"
"s/4","4"
"palo","4"
"h2o","4"
"m/f/vet/disability","4"
"kitts","4"
"human-computer","4"
"facilitates","4"
"city‚äôs","4"
"workflow","4"
"austin","4"
"siri‚äôs","4"
"placed","4"
"oracle/berkeley","4"
"google‚äôs","4"
"demonstrates","4"
"hana","4"
"delivers","4"
"magnusson","3"
"m.","3"
"location:98057","3"
"solarwinds","3"
"represents","3"
"hosted","3"
"klemencic","3"
"knowledge/skills","3"
"r.","3"
"recommended","3"
"pentaho","3"
"ethisphere","3"
"visualforce","3"
"roadmap","3"
"companies®","3"
"website","3"
"akka","3"
"embodies","3"
"columbus","3"
"tukwila","3"
"‚äúvoice","3"
"training/skills/abilities","3"
"dublin","3"
"licensing","3"
"liebert","3"
"sharing","3"
"december","3"
"hiring","3"
"fresher‚äôs/","3"
"establishing","3"
"security/pen","3"
"oklahoma","3"
"zweig","3"
"ansys","3"
"redhat","3"
"‚äã","3"
"codecs.-","3"
"‚ä¶","3"
"applet","3"
"reno","3"
"roleplaying","3"
"-develop","3"
"carolina","3"
"designated","3"
"what‚äôs","3"
"sun-thurs","3"
"outsourcing","3"
"websphere","3"
"robotics","3"
"attaching","3"
"exabyte","3"
"brisbane","3"
"autocad","3"
"jsp","3"
"clerk/permit","3"
"java/c","3"
"telecommunication/","3"
"staff-","3"
"proactively","3"
"nagios","3"
"sophos","3"
"adam","3"
"missouri","3"
"microservice","3"
"louis","3"
"healthier","3"
"esri","3"
"hive/hadoop","3"
"lab126","3"
"motivated","3"
"gradle","3"
"cloudwatch","3"
"science/electronics","3"
"medical/dental/vision","3"
"debugging","3"
"sponsored","3"
"security+","3"
"qualifications/experience","3"
"toronto","3"
"orca","3"
"intelli","3"
"bethlehem","3"
"latin","3"
"publishing","3"
"resellers","3"
"evaluating","3"
"medicaid","3"
"i2s","3"
"ltd.","3"
"b.a","3"
"openstack","3"
"dragons®","3"
"santa","3"
"license/certifications","3"
"servero","3"
"coordinator","3"
"employer/protected","3"
"junit","3"
"roku","3"
"talend","3"
"mesos","3"
"wii","3"
"oracle.good","3"
"nobel","3"
"engineering/computer","3"
"minorities/women/protected","3"
"february","3"
"time/","3"
"i‚äôm","3"
"completes","3"
"science/computer","3"
"dallas","3"
"aftermarket","3"
"vertica","3"
"gathering®","3"
"coordinating","3"
"experience/skills","3"
"alteryx","3"
"verilog","3"
"budgeting","3"
"v5","3"
"oops","3"
"-experience","3"
"stored","3"
"clojure","3"
"ultrasound","3"
"appointing","3"
"pardot","2"
"consolidates","2"
"build-with","2"
"analyst/","2"
"zemax‚äôs","2"
"mastercam","2"
"widget","2"
"luther","2"
"stevie","2"
"fulltime","2"
"poulsbo","2"
"blacksburg","2"
"‚ä¢familiarity","2"
"samza","2"
"administration/management","2"
"‚äòfreeing‚äô","2"
"-bellevue","2"
"zuniversity","2"
"x/s","2"
"denver","2"
"iowa","2"
"b.s./e","2"
"client-side","2"
"dickie","2"
"interop","2"
"saturday","2"
"pathloss","2"
"merchandising","2"
"test-driven","2"
"kusto","2"
"problem-solvers","2"
"bitcoin","2"
"needed","2"
"pivotal‚äôs","2"
"avaya","2"
"lenovo","2"
"keyword","2"
"netscaler","2"
"mario","2"
"apple‚äôs","2"
"asia-pacific","2"
"optoelectronics","2"
"d3","2"
"helpdesk","2"
"‚ä¢demonstrates","2"
"rica","2"
"watson","2"
"netflow","2"
"/affirmative","2"
"debugs","2"
"cloning","2"
"clarifies","2"
"concur‚äôs","2"
"revel¬æ","2"
"harvard","2"
"testing-l2","2"
"federated","2"
"wargaming","2"
"ernst","2"
"associate‚äôs","2"
"hyper-v/cloud","2"
"prioritize","2"
"selenium/appium","2"
"laptop","2"
"blue/green","2"
"netcool","2"
"states~","2"
"let‚äôs","2"
"scikit-learn","2"
"mesosphere","2"
"regular/temporary","2"
"steps‚ä¶","2"
"kardon¬æ","2"
"accepts","2"
"location-","2"
"webpack","2"
"mechanic/electrician","2"
"l2-l7","2"
"influencing","2"
"eventing","2"
"glassdoor","2"
"fulfills","2"
"websockets","2"
"sybase","2"
"manager/executive","2"
"mobilizes","2"
"scala/spring/java/maven","2"
"vietnam","2"
"gigapop","2"
"off‚äù","2"
"powerware","2"
"informix","2"
"advises","2"
"servicing","2"
"engineer-18000583","2"
"tabular-","2"
"hours/week","2"
"qualifications:1","2"
"canadian","2"
"military/government","2"
"checkout","2"
"management/monitoring","2"
"wii™","2"
"symantec","2"
"clerk-treasurer","2"
"empleados","2"
"cloudsearch","2"
"performed","2"
"simulink","2"
"organizes","2"
"provisioning","2"
"sunday","2"
"wintel","2"
"sustainability","2"
"vulkan","2"
"sc","2"
"female/minority/disability/vet","2"
"homesite‚äôs","2"
"satya","2"
"microstrategy","2"
"geotechnical","2"
"check-in","2"
"stockholm","2"
"multiplayer","2"
"ajax","2"
"wi-fi","2"
"e3","2"
"westlake","2"
"airbus","2"
"p.c.","2"
"joseph","2"
"thai","2"
"network/systems","2"
"commissioning","2"
"leaderboards","2"
"melinda.dickie","2"
"greenplum","2"
"~once","2"
"polaris","2"
"crowdstrike","2"
"certification/licensure","2"
"developed","2"
"arts/science","2"
"executes","2"
"react/redux","2"
"encourages","2"
"abled","2"
"boise.globally","2"
"managing","2"
"jr","2"
"vue","2"
"solidworks","2"
"grooming","2"
"conditions-","2"
"cellcom","2"
"qlikview","2"
"regence","2"
"novice+","2"
"veeam","2"
"lowell","2"
"levinson¬æ","2"
"-curate","2"
"-estimate","2"
"pokémon","2"
"shift-","2"
"server/linux","2"
"i/s","2"
"avionic","2"
"blog","2"
"asterdata","2"
"kyoto","2"
"datacenter","2"
"medicare","2"
"springboot","2"
"inbox","2"
"serviceso","2"
"fortigate","2"
"applying","2"
"manager-support","2"
"sqoop","2"
"zelda","2"
"windows/linux/mac","2"
"m/f/disabled/veterans","2"
"roastery","2"
"cloudata","2"
"lexicon¬æ","2"
"prioritizes","2"
"cooperative","2"
"interpreting","2"
"t4","2"
"serial-422","2"
"hystrex","2"
"translating","2"
"promotes","2"
"infinity¬æ","2"
"issaquah","2"
"b2b","2"
"lagom","2"
"analyzing","2"
"history.‚äù","2"
"manager/engineer","2"
"e2e","2"
"mapping","2"
"servlets","2"
"solving","2"
"-share","2"
"argentina","2"
"salesforce‚äôs","2"
"earth‚äôs","2"
"security/computer","2"
"-create","2"
"‚ä¢microsoft","2"
"b.s.","2"
"zipkin","2"
"alzheimer","2"
"disneyland","2"
"spock","2"
"weblogic","2"
"architecting","2"
"orientation/gender","2"
"information*","2"
"ave.","2"
"education/experience/licensing","2"
"customize","2"
"algona","2"
"b.tech.","2"
"geomechanics","2"
"coveo","2"
"minority/female/disability/vet","2"
"datastage","2"
"gen2","2"
"darwin","2"
"network+","2"
"adheres","2"
"manager/lead","2"
"taxware","2"
"coordination","2"
"veteran/disability","2"
"scalability","2"
"conde","2"
"f2f","2"
"googlers","2"
"isilon","2"
"hadoop/hive/spark/presto/airflow","2"
"‚ä¶..","2"
"kerberos","2"
"forza","2"
"mainframe","2"
"full/part","2"
"boy™","2"
"u™","2"
"service/platform","2"
"nginx","2"
"system™","2"
".excellent","2"
"prototyping","2"
"kind-hearted","2"
"rundeck","2"
"configures","2"
"handling/strength-","2"
"here‚äôs","2"
"*our","2"
"requirements/qualifications","2"
"demands/work","2"
"experience:8+","2"
"switch™","2"
"webdriver","2"
"‚äôs","2"
"nasa","2"
"d17job","2"
"-portland","2"
"position-","2"
"journal‚äôs","2"
"chicago","2"
"espresso","2"
"gen3","2"
"gen1","2"
"lean/agile","2"
"cordova","2"
"hypervisor","2"
"eastside","2"
"adjusts","2"
"solaris/linux","2"
"clara","2"
"appium","2"
"feb","2"
"devops","2"
"client-","2"
"e.i.t","2"
"cooperate","2"
"zettabyte","2"
"mitsubishi","2"
"sutter","2"
"quicksight","2"
"python.experience","2"
"portioning","2"
"nytec‚äôs","2"
"comprehends","2"
"metasploit","2"
"core-platform","2"
"negotiates","2"
"nokia","2"
"toshiba","2"
"-new","2"
"front-end","2"
"n/a","2"
"laravel","2"
"catered","2"
"metroid","2"
"press/journalists","2"
"p.e","2"
"micros","2"
"beamformers","2"
"vlocity‚äôs","2"
"b.s./b.a","2"
"kong","2"
"hbase","2"
"lua","2"
"b.a.","2"
"troubleshoots","2"
"amer","2"
"zemaxers","2"
"cg","2"
"attends","2"
"full-time","2"
"multi","2"
"qualcomm","2"
"owns","2"
"intranet","2"
"omni","2"
"‚ä¢ability","2"
"v2","2"
"triaging","2"
"undertakes","2"
"xen","2"
"forbes","2"
"utah","2"
"siemens","2"
"belgium","2"
"accra","2"
"sales/service","2"
"aptos","2"
"m.e./m","2"
"directs","2"
"platform‚äù","2"
"y/n","2"
"services‚äô","2"
"division‚äôs","2"
"~before","2"
"m.a","2"
"empowers","2"
"modernization/transformation","2"
"roadmaps","2"
"-brisbane","2"
"keyport","2"
"biotechnology","2"
"sumologic","2"
"h.265","1"
"orchestration/workflow","1"
"parameterization","1"
"candidates*","1"
"day-one","1"
"carriers.supporting","1"
"regan","1"
"changers‚äù","1"
"databases/data","1"
"project/product","1"
"high/low","1"
"overcomes","1"
"wednesday","1"
"bold‚äù","1"
"raycom","1"
"guiding","1"
"ocean®","1"
"cactus","1"
"med","1"
"manager3+","1"
"j2w","1"
"altium","1"
"codecs","1"
"etherneto","1"
"nodeb","1"
"bots/robotic","1"
"julia","1"
"auditing","1"
"communications/","1"
"degree/master","1"
"rohde","1"
"top‚äënotch","1"
"framework.experience","1"
"go-getter","1"
"system‚äôs","1"
"voted","1"
"uboot","1"
"guest/","1"
"leadership.liaison","1"
"skills/education","1"
"pratt","1"
"researcher‚äù","1"
"thales","1"
"architectural/","1"
"eggo‚ñ¢","1"
"reston","1"
"e9-1-1","1"
"sarbanes-oxley","1"
"reviewing","1"
"scheduling","1"
"horizonte","1"
"m-f","1"
".responsibilities","1"
"eng","1"
"louisville","1"
"spring/summer","1"
"sportsperson","1"
"acumen/budget","1"
"elizabeth","1"
"audits1+","1"
"charleston","1"
"design/innovation","1"
"ovo","1"
"linux3+","1"
"technician-17001f7t","1"
"intel/microsoft","1"
"frontline","1"
"planner.and","1"
"zen","1"
"exascale","1"
"jrules","1"
"‚ä¢collaborate","1"
"pharma","1"
"edits","1"
"axon‚äôs","1"
"cassendra","1"
"may/june","1"
"proce","1"
"spirent","1"
"custumer","1"
"profiling/optimization","1"
"cloudera","1"
"technology.-","1"
"mahlawat","1"
"sigrity","1"
"debug","1"
"axure","1"
"energy‚äôs","1"
"notifies","1"
"telegraf/influxdb/grafana","1"
"trailblazer","1"
"contracting","1"
"mills/lathes/multi","1"
"engineers.analyzes","1"
"trending","1"
"networked","1"
"papertrail","1"
"rx","1"
"rachana","1"
"mavic","1"
"sabrix","1"
"region/market","1"
"arizona","1"
"engineer‚äì","1"
"navin","1"
"geekwire","1"
"workfront","1"
"leader/manager","1"
"longterm","1"
"openssl","1"
"equinix","1"
"xilinx","1"
"elasticache","1"
"clarita","1"
"**responsibilities","1"
"tektronix","1"
"software/systems","1"
"zones‚äô","1"
"escalation","1"
"suunto","1"
"industries/terex","1"
"red/blue","1"
"public-sector","1"
"kindel","1"
"bash3","1"
"coursera","1"
"coraid","1"
"agile/scrum/lean","1"
"erickson","1"
"princeton","1"
"conforms","1"
"enabled","1"
"miranda","1"
"charlie","1"
"call/communication","1"
"intel®","1"
"starbucks‚äô","1"
"ergonomics","1"
"advising","1"
"juno‚äôs","1"
"investigations/technical","1"
"atlassian‚äôs","1"
"high-availability","1"
"northwest‚äôs","1"
"have‚ä¶bachelor‚äôs","1"
"grab‚äôs","1"
"assisting","1"
"scripting/automation","1"
"trailblaze","1"
"newsfeed","1"
"/java","1"
"germany","1"
"hortonworks","1"
"adhoc","1"
"etc‚ä¶","1"
"a/e/c","1"
"scientist‚äì","1"
"core.experience","1"
"socrata‚äôs","1"
"as-built","1"
"tyco","1"
"couchbase","1"
"denodo","1"
"billsoft","1"
"nov-09-2017","1"
"rockstar","1"
"preferred:6+","1"
"america‚äù","1"
"thingworx","1"
"skill/experience/education","1"
"financials","1"
"shot®","1"
"m-th","1"
"protected","1"
"cooperation","1"
"c++/java/c","1"
"‚ä¢high","1"
"reddit","1"
"adding","1"
"mobility-","1"
"learning/data","1"
"cornell","1"
"lyft‚äôs","1"
"paxos","1"
"highcharts","1"
"adventures‚äô","1"
".current","1"
"guice","1"
"*responsibilities","1"
"‚äúwhy","1"
"tizen","1"
"numpy","1"
"dingo®","1"
"spring/","1"
"**ability","1"
"irvine","1"
"pegasystems","1"
"red/blue/purple","1"
"fortune‚ñ¢","1"
"formatting","1"
"putnam","1"
"users/exchange","1"
"semper","1"
".you","1"
"halloran","1"
"trusted","1"
"engineer-1800048g","1"
"engineer-1800048c","1"
"rekall","1"
"deepens","1"
"manufacturing/process/industrial","1"
"engineer-1800048u","1"
"decision-making","1"
"responsibilities/skills","1"
"spring/hibernate","1"
"simulates","1"
"‚ä¢ensure","1"
"fortune‚äôs","1"
"bugzilla","1"
"deploys","1"
"qualifications3","1"
"microserivces","1"
"proposes","1"
"controller/store","1"
"cache/redis","1"
"r1008322","1"
"be‚ä¶to","1"
"statistical/trend","1"
"interprets","1"
"pulic","1"
"/java/go","1"
"gold‚äôs","1"
"grenoble","1"
"‚ä¢power","1"
"performing","1"
"kentico","1"
"articulates","1"
"cloud‚äù","1"
"education/certification","1"
"planetside","1"
"‚ä¢build","1"
"kyle.erickson","1"
"map/reduce","1"
"seaborn","1"
"‚äòmake","1"
"contributing","1"
"pls","1"
"‚ä¢design","1"
"confer","1"
"bangalore","1"
"kotlin","1"
"fundamentals.","1"
"m/f/disability/veterans","1"
"jira/confluence","1"
"stryker","1"
"nordstrom‚äôs","1"
"washington..","1"
"direct3d","1"
"¬æ","1"
"java…","1"
"collaborate/partner","1"
"‚äúthe","1"
"winplot","1"
"**qualifications","1"
"jenkins/bamboo","1"
"c++2+","1"
"paging","1"
"y14.5m","1"
"fairbank","1"
"nessus","1"
"web-access","1"
"zeno","1"
"telecomm","1"
"as-is","1"
"troy.mehta","1"
"linux…","1"
"copper/fiber","1"
"acquasition","1"
"‚ä¢preemptive","1"
"administration‚äôs","1"
"refactor","1"
"designer\mechanical","1"
"major/discipline","1"
"sql","1"
"hexport","1"
"engineering.7+","1"
"telefonica","1"
"skills/required","1"
"ror","1"
"focused/service","1"
"april","1"
"co-marketing","1"
"solves","1"
"electrical/computer","1"
"drug/alcohol","1"
"iperf","1"
"shared","1"
"tradeshows","1"
"yardi","1"
"clery","1"
"**excellent","1"
"box","1"
"best®","1"
"states‚äîand","1"
"holidays.tremendous","1"
"microbicides","1"
"plaxis","1"
"pharana","1"
"hypervisors","1"
"mathematics.excellent","1"
".net.expertise","1"
"collaborating","1"
"validates","1"
"mainline","1"
"staff-1800040t","1"
"sequoia","1"
"location/travel","1"
"trimble/quickpen","1"
"facilitating","1"
"labeled","1"
"entercom","1"
"bioengineering","1"
"modifies","1"
"dedicated","1"
"r2+","1"
"state/province","1"
"**must","1"
"-research","1"
"cardio","1"
".designs","1"
"‚äúwhatever","1"
"evangelizes","1"
"vodafone","1"
"saltarelle","1"
"picture‚äù","1"
"architects/engineers","1"
"claims‚äô","1"
"manager-180004l0","1"
"j.d","1"
"systems‚äîthe","1"
"testing/cabling","1"
"math/computer","1"
"california-irvine","1"
"instills","1"
"deployment/management","1"
"webservices","1"
"c++.experience","1"
"integration/continuous","1"
"lyris","1"
"‚äúcookie","1"
"mgt","1"
"data/analytic","1"
"world‚äôs","1"
"sexiest","1"
"america.job","1"
"flink","1"
"single-scope","1"
"‚ä¢cisco","1"
"maintaining","1"
"azure.write","1"
"workload","1"
"crypto","1"
"‚ä¢familiar","1"
"win32","1"
"kera","1"
"go-to-market","1"
"squaders","1"
"identity/disability/veteran","1"
"iasi","1"
"socializes","1"
"telit","1"
"e-rec","1"
"virtulization","1"
"indeed‚äôs","1"
"ambari","1"
"discussing","1"
"‚ä¢enthusiasm","1"
"romania","1"
"‚äú","1"
"ext.101","1"
"compensation/salary","1"
"anypoint","1"
"user/alt","1"
"stoneway‚äôs","1"
"s.o.l.i.d","1"
"y14.5m-1994","1"
"appreciates","1"
"‚äòone","1"
"baja","1"
"x3","1"
"peco","1"
"lucene","1"
"attracts","1"
"brain…..","1"
"multiscale","1"
"softlines","1"
"runtimes","1"
"submittals","1"
"‚ä¢development","1"
"analysis/time","1"
"answering","1"
"co-branded","1"
"implementations.familiar","1"
"gmail","1"
"offload","1"
"client/sehttps","1"
"sysinternals","1"
"ariba","1"
"inc.‚äôs","1"
"science3","1"
"quotesoft","1"
"team/company","1"
"transit.the","1"
"eurographics","1"
"kendo","1"
"hive/pig","1"
"c++.-","1"
"states~north","1"
"batch/shell","1"
"docker/kubernetes","1"
"ranking","1"
"‚äúhands","1"
"‚äú30","1"
"repo","1"
"skels.experience","1"
"fairview","1"
"gensim","1"
"tana.stilloe","1"
"hyperion","1"
"wiki","1"
"seabourn","1"
"csharp","1"
"hadoop/azure","1"
"required.heavy","1"
"herndon","1"
"design-build","1"
"navigates","1"
"enjoys","1"
"news-record","1"
"domo","1"
"procedures.train","1"
".job","1"
"alexa/echo","1"
"configuring","1"
"co-sell","1"
"java/scala","1"
"authoring","1"
"‚äúto","1"
"postman.strong","1"
"reemployed","1"
"considers","1"
"howard","1"
"escalates","1"
"andrew","1"
".the","1"
"bayesian","1"
"teradata‚äôs","1"
"erlang","1"
"*position","1"
"mountlake","1"
"kimberly-clark","1"
"hotwire","1"
"techniques.experience","1"
"coinme‚äôs","1"
"etc","1"
"annapolis","1"
"deloitte‚äôs","1"
"verifies","1"
"frazier","1"
"user.11","1"
"manufacturability","1"
"service‚ñ¢","1"
"k20","1"
"pro-e","1"
"customizes","1"
"innovative/creative","1"
"transmitters/receivers","1"
"multi-threaded","1"
"omniture","1"
"directory/","1"
"snoqualmie","1"
"education/certifications","1"
"‚ä¢use","1"
"using","1"
"java2+","1"
"director.responsibilities","1"
"county‚äôs","1"
"r0022303","1"
"university‚äôs","1"
"titan","1"
"data/data","1"
"‚ä¢network","1"
"knowledgebase","1"
"caring","1"
"hadoop/tableau","1"
"refers","1"
"waterfall/agile","1"
"lorain","1"
"get‚ä¶the","1"
"management-180005a6","1"
"altera","1"
"struts/","1"
"corporation‚äîoperator","1"
"contracting/procurement","1"
"researching","1"
"app-it","1"
"coupang‚äôs","1"
"visualization/reporting","1"
"ananthakrishna","1"
"standard/premium","1"
"stanford","1"
"post-award","1"
"dev/ops","1"
"kumar","1"
"petabyte","1"
"recognizing","1"
"sravan","1"
".familiarity","1"
"assessing","1"
"mathematica","1"
"experience/qualifications","1"
"/scrum","1"
"framework.interpretation","1"
"phenom","1"
"experience.basic","1"
"ftr","1"
"chris","1"
"megha","1"
"development-18000423","1"
"trulia","1"
"having","1"
"landfill","1"
"virtual-chassis","1"
"wastewater","1"
"cascadia","1"
".proficiency","1"
"ismail","1"
"l2/l3","1"
"atlanta","1"
"management.should","1"
"e-reader","1"
"wyoming","1"
"pricing","1"
"data/hadoop","1"
"engineering/technology","1"
"director.duties","1"
"computer/electrical","1"
"minorities/females/veterans/disabled","1"
"‚ä¢hardware","1"
"‚äúbought‚äù","1"
"fab","1"
"bellevue/bothell","1"
"‚äòvoice","1"
"county.major","1"
"dotnet","1"
"client/server","1"
"reviews.a","1"
"engineering.0","1"
"relationships/client","1"
"lynwood","1"
"kubernates","1"
"python/ruby","1"
"richard","1"
"investing","1"
"–experience","1"
"musicjobs","1"
"zettascale","1"
"tableau/power","1"
"entry-level","1"
"i.t","1"
"self-optimizing","1"
"title-","1"
"responsibilities/tasks","1"
"smartest","1"
"firebase","1"
"based/chronological","1"
"production/mfg","1"
"‚ä¢interface","1"
"payline","1"
"debugger","1"
"africa","1"
".document","1"
"functional/technical","1"
"tasking","1"
"linkedin","1"
"industrial/embedded","1"
"producing","1"
".expose","1"
"plotter/printer","1"
".education","1"
"multi-discipline","1"
"eide","1"
"python/perl","1"
"jenkins.experience","1"
"art/design","1"
"satyajeet","1"
"methods/research","1"
"-mentor","1"
"sec+","1"
"perl/ruby","1"
"inc7950","1"
"idaho","1"
"schultz","1"
"orbitz","1"
"nokia/alcatel","1"
"cosmos/azure","1"
"plano","1"
"minority/female/disability/veteran","1"
"**at","1"
"k-means","1"
"anytime","1"
"wash.","1"
"mo/yr","1"
"embraer","1"
"stackoverflow","1"
"bullpen","1"
"committed","1"
".identify","1"
"giraph","1"
"stephen","1"
"requirements:3+","1"
"algorithms/data","1"
"harrod","1"
"match‚ä¶","1"
"hackathon","1"
"goldstein","1"
"system-","1"
"f-response","1"
"jmeter","1"
"elasticsearch/kibana","1"
"england","1"
"¬∑design","1"
"keros.understanding","1"
"skills/competencies","1"
"catia","1"
"etap","1"
"conceptualizing","1"
"issuu","1"
"lync/skype","1"
"mobile/blackberry","1"
"engineers.duties","1"
"java/python/c","1"
"coreboot","1"
"wisconsin","1"
"phd","1"
"v1","1"
"reinforces","1"
"forrester","1"
"postprocessors","1"
"‚ä¢must","1"
"non-amazon","1"
"tester.understanding","1"
"serverprovided","1"
"management/troubleshooting","1"
"arlington","1"
"integrity/adaptability/flexibility","1"
"smartcards","1"
"tomkat","1"
"‚ä¢relational","1"
"checklist","1"
"excels","1"
"livestream","1"
"alyeska","1"
"vx1","1"
"postrgres","1"
"town‚äôs","1"
"strgy","1"
"civil3d","1"
"planning/constraint","1"
"wilson","1"
"pre-award","1"
"/oracle","1"
"openshift","1"
"exec","1"
"on-premises","1"
"engineer/architect","1"
"deana","1"
"ext","1"
"podcasts","1"
"theano","1"
"advantech‚äôs","1"
"thomas","1"
"stakeholder/partner","1"
"mahalo","1"
"strategizes","1"
"k-20","1"
"scientists‚äù","1"
"keychain","1"
"manager-1800048o","1"
"writes","1"
"-all","1"
"geomechanical","1"
"***please","1"
"solr/lucence","1"
"sprocs","1"
"cota","1"
"compiles","1"
"jeanne","1"
"‚äòtech","1"
"adapts","1"
"management/automation","1"
"applause‚äôs","1"
"eperience","1"
"web-services","1"
"achieves","1"
"origami","1"
"r0019680","1"
"r0019681","1"
"r0019686","1"
"r0019688","1"
"bridgewater","1"
"e-v","1"
"solicitor‚äôs","1"
"penopto","1"
"c-level","1"
"‚äúbest","1"
"repel®","1"
"q/c/t","1"
"mathworks","1"
"minitab","1"
"pepsi","1"
"‚äúcontrols‚äù","1"
"sigmanest","1"
"docker.practical","1"
"solr","1"
"kathrein","1"
"meditech","1"
"atigun","1"
"innovating","1"
"computers/","1"
"motivational.job","1"
"newborn","1"
".kirkland","1"
"engineer-","1"
"tolerancing","1"
"eclipse/","1"
"flag®","1"
"nadella","1"
"c/c","1"
"tensorflow","1"
"application/system/inter-system","1"
"top-down","1"
"modelling","1"
"flinto","1"
"success7","1"
"georgia","1"
"advocating","1"
"p4","1"
"dynacraft‚äôs","1"
"deposit/electronic","1"
"assoc","1"
"tripwire","1"
"hadoop/hive/spark","1"
"data/wireless","1"
"hulu‚äôs","1"
"engr","1"
"windows*","1"
"multicast","1"
"‚äã‚äã","1"
".may","1"
"tufte","1"
"fulfilment","1"
"expediting","1"
"viewing","1"
"casandra","1"
"king/snohomish","1"
"junkins","1"
"joyent","1"
"ozzie","1"
"way‚äù","1"
"project.","1"
"‚äòout","1"
"ellipticals","1"
"sequencing","1"
"‚ä¢availability","1"
"descriptions-","1"
"exercising","1"
"sydney","1"
"australia","1"
"caf√©","1"
"anti-virus/malware","1"
"narrator.working","1"
"altiris","1"
"qlik","1"
"airwatch","1"
"‚ä¢skills","1"
"healthcare**","1"
"proc","1"
"telerik","1"
"senior-level","1"
"activelyassists","1"
"logstash","1"
"chessis","1"
"decommissioning","1"
"vaspire","1"
"infosphere","1"
".design","1"
"r0019678","1"
"bargaining","1"
"netezza/teradata","1"
"strives","1"
"languages/frameworks","1"
"linq","1"
"grep","1"
"migrating","1"
"mithril","1"
"showtime","1"
"u.s.c","1"
"navisworks","1"
"world‚äù","1"
"accudata","1"
"vizql","1"
"dimensioning","1"
"requirements:12+","1"
"‚ä¢tenacity","1"
"a//b","1"
"gigamon","1"
"reqts","1"
"gravitec‚äôs","1"
"caribbean","1"
"miracle®","1"
"responsibilities/competencies","1"
"qualifications:2+","1"
"-thai","1"
"spectracide®","1"
"safe®","1"
"crane‚äôs","1"
"steve","1"
"pre-development","1"
"a^a","1"
"o/s","1"
"adeptia","1"
"commissioning/integration","1"
"kate","1"
"travelocity","1"
"mehta","1"
"stocked","1"
"tracfone","1"
"axeda","1"
"roodhouse","1"
"engineered","1"
"appstore","1"
"bench/test","1"
"sales/account","1"
"lead/architect","1"
"tetra®","1"
"lombardi","1"
"ranorex","1"
"•exceptional","1"
"carlo","1"
"x++","1"
"redshift/teradata","1"
"anti-virus","1"
"multimedia","1"
"lead‚äôs","1"
"airpln","1"
"product/service","1"
"travel.understanding","1"
"mindset","1"
"fence®","1"
"skills/","1"
"closeout","1"
"support/sustainment","1"
"u.k.","1"
"¬∑experience","1"
"marathon/docker","1"
"multitask","1"
"classy‚äôs","1"
"development.we","1"
"angular/react","1"
"blockchain","1"
"nuget","1"
"janes-blackburn","1"
"delivery/execution","1"
"job-specific","1"
"normalized","1"
"to-be","1"
"integrating","1"
"e911","1"
"cybercrime","1"
"closing","1"
"safeco","1"
"c++proficiency","1"
"ob","1"
"hilton","1"
"documenting","1"
"blvd","1"
"keysight","1"
"reed-solomon","1"
"microstation","1"
"support/operations","1"
"malware","1"
"chanele","1"
"aeronautical.working","1"
"party/custom","1"
"hue.we","1"
"attributes/additional","1"
"engineer-180005g9","1"
"c++degrees","1"
"agile/scrum/kanban","1"
"acronis","1"
"petco","1"
"a/v","1"
"engineers/technicians","1"
"including","1"
"a/r","1"
"a/p","1"
"/java/c++","1"
"spotify","1"
"le","1"
"lb","1"
"splunk.3","1"
"server/sql","1"
"pixel","1"
"nurturing","1"
"females/minorities/veterans/individuals","1"
"speaks","1"
"degree-","1"
"l7","1"
"mulesoft","1"
"products/services","1"
"m.b.a","1"
"cloudfiy","1"
"‚ä¢oversee","1"
"integrates","1"
"f-1","1"
"m2m","1"
"arkansas","1"
"alzheimer‚äôs","1"
"rent-a-car","1"
"emp","1"
"adxstudio","1"
"attending","1"
"evangelizing","1"
"manuals.job","1"
".duties","1"
"anite","1"
"automating","1"
"bootcamp","1"
"owning","1"
"responsibilities/qualifications","1"
"agile/lean","1"
"responsibilities:1","1"
"excellence‚äù","1"
"programmable","1"
"non-parametric","1"
"adopts","1"
"anritsu","1"
"apcon","1"
"megan","1"
"distelli","1"
"july","1"
"telgian‚äôs","1"
"sourcing","1"
"bothel","1"
"manager/owner","1"
"redgate.understanding","1"
"gigabit","1"
"intiatives","1"
"database/","1"
"krista","1"
"design/skeleton","1"
"service‚äù","1"
"pursues","1"
"vikas","1"
"qualifications5+","1"
"logitech","1"
"applications/software","1"
"brea","1"
"bellevue/seattle","1"
"shaders","1"
"workspace","1"
"pre-sales","1"
"‚äúbuilt‚äù","1"
"emerging","1"
"spec-interconnect","1"
"houston","1"
"grub.knowledge","1"
"-opportunity","1"
"bothell‚äôs","1"
"‚äúthink‚äù","1"
"accel","1"
"-degree","1"
"asssociate","1"
"‚ä¢support","1"
"manager/supervisor","1"
"essbase/smartview","1"
"extra-credit","1"
"egencia","1"
"operates","1"
"profiling","1"
"acquires","1"
"civil/water","1"
"ebola","1"
"polybase","1"
"product/services","1"
"flighting/experimentation","1"
"kafka/rabbit","1"
"***the","1"
"hardware/software","1"
"‚ä¢knowledge","1"
"staff-18000584","1"
"packaging","1"
"precor‚äôs","1"
"power-distribution","1"
"domain-driven","1"
"c++\c","1"
"utilizing","1"
"biomedical","1"
"c+","1"
"c.","1"
"sweden","1"
"tealeaf","1"
"solver/decision","1"
"ensuring","1"
"troubleshooter","1"
"c2","1"
"‚äúdata.‚äù","1"
"c++job","1"
"mxnet","1"
"dataflow","1"
"vimeo","1"
"queuing","1"
"suport","1"
"tokenization","1"
"systems/database","1"
"kimball","1"
"demo","1"
"-bachelor","1"
"argus","1"
"h1z1","1"
"platform;","1"
"president/executive","1"
"fabulich","1"
"m/f/d/v","1"
"matthew","1"
"claims/encounters","1"
"veterans/individuals","1"
"invisionapp","1"
"v3","1"
"p.e.bachelor‚äôs","1"
"robotic","1"
"lambda8+","1"
"‚ä¢monitoring","1"
"summary/the","1"
"stryker‚äô","1"
".passion","1"
"chipscope","1"
"datacenters","1"
"dojo‚äôs","1"
"woodinville","1"
"paul","1"
"learning/neural","1"
"administrator/analyst","1"
"‚ä¢contact","1"
"k-2","1"
"ada","1"
"business/financial","1"
"inperson","1"
"whitelisting","1"
"cutter®","1"
"source…","1"
"telstra","1"
"sephora","1"
"c++1-2","1"
"x-ways","1"
"marineland®","1"
"description/opportunity","1"
"executive/","1"
"scoping/estimation","1"
"stafff-1800040s","1"
"lexmark","1"
"suretrak","1"
"‚äú50","1"
"recognizes","1"
"powerpoint","1"
"microservices","1"
"project.executive","1"
"information/digital","1"
"submits","1"
"position/program","1"
"student/parent","1"
"required/preferred","1"
"**if","1"
"virtualbox","1"
"w3c","1"
"engineering/","1"
"government/military","1"
"insures","1"
"team.maintain","1"
"desktops/laptops/mobile","1"
"store.job","1"
"chipset","1"
"git.‚äã","1"
"manager‚äôs","1"
"‚ä¢vocational","1"
"prediliction","1"
"w-2","1"
"peoplesoft","1"
"westminster","1"
"whitsett","1"
"mathematics-","1"
"conveys","1"
"credentialing","1"
"jscript","1"
"balancing-180003g0","1"
"employer.job","1"
"expands","1"
